Name,Postcode
Pole Lane, BB3 3LD
Bolton Road, BD1 4DR
Fenby Ave, BD4 9LJ
Loweswater Ave, BD6 2TZ
Castle Road, BD21 2ST
Brearcliffe Street, BD6 2LD
Blakehill Terrace, BD2 3JS
Alexander House, BD1 4DR
Longhouse Lane, BD13 4NQ
Oakdale Drive, BD10 0JF
Moorland Ave, BD17 6RW
Longhouse Drive, BD13 4NG
Bradford Road,BD21 4AW
Platt Ave, CW11 1DE
Avon Drive, CW1 5NJ
Clevedon Close, SK11 8LS
Oakfield Road, CH1 5AG
Stanney Lane, CH65 9AN
Redwood Drive, CH66 2YA
High Street, WA7 2AU
Gresford Ave, CH2 3QA
Wellswood Rd, CH66 1JX
Phillip Street, CH2 3BY
Spring Lane, CO3 9TH
Grassington Rd, FY8 3QE
Starling Close, WA7 6EU
Lessingham Rd, WA8 9FU
Heyes Road, WA8 8QU
Milton Close, L35 2YQ
Heather Gardens, LS13 4LF
Millbeck Approach, LS27 8WA
Halliday Drive, LS12 3PA
Oak Road, LS25 1PF
Gipsy Lane, LS11 5TP
Durban Crescent, LS11 8AD
Spring Gardens, LS13 4DT
Marlowe Close, LS28 9NT
Swarcliffe Ave, LS14 5LF
Kennerleigh Crescent, LS15 8RS
Haigh Side Close, LS26 0UH
Harrison Road, LE4 6NP
Arundel, BN10 8HY
Highway, BN10 8XL
Alexander Street, NN15 5SE
Orchard Road, NN9 5JG
Brockhill Close, NN157DS
Rockville Park, PL9 7DG
Old Woodlands Road, PL5 3SX
Tavistock Road, PL6 5EJ
Duncombe Ave, PL5 2JS
Foxxhill Road,S6 1BG
Foxhill Place, S6 1GE
The Dale, S8 0PW
Sandby Court, S14 1DF
Broadlands Ave, S20 6RL
Dowland Ave, S35 4DE
Longley Crescent, S5 7NZ
Halifax Road, S35 8PA
Hilltop Rise, S35 8PD
Newman Road, S9 1LX
Willow Drive, ST13 7FF
Outwood Road, SK8 3LZ
Gloucester Road, SK8 3NB
Omerod Close, SK6 3ED
Roseway, SK7 3BQ
Cranstock Close, TS22 5RS
The Old Vicarage, TQ12 5FG
Garden Cottages, CO16 9LG
Orchard Drive, CO13 0SB
Newton Place, TQ2 5DF
Reddenhill Road, TQ1 3RQ
Bronshill Court, TQ1 3HD
Marsland Road, M33 3NW
Heathmoor, WA5 4BY
Rowan Ave, WN6 7RS
Elnup Ave, WN6 8AT
Arlington Drive, WN7 3QN
Amberley Close, WN2 1AR
Coleridge Way, CW1 5LE
Ave Clamart, DN15 8EQ
Bradshaw House, CW12 1RU
